genus,species,genus_species,cultivation status,
Abarema,macradenia,Abarema_macradenia,not cultivated,
Abrus,precatorius,Abrus_precatorius,not cultivated,
Abrus,stictosperma,Abrus_stictosperma,not cultivated,
Acacia ,mangium,Acacia _mangium,agroforestry,
Acacia,acatlensis,Acacia_acatlensis,not cultivated,
Acacia,acuminata,Acacia_acuminata,multiple,agroforestry and ornamental
Acacia,albida,Acacia_albida,agroforestry,
Acacia,angustissima,Acacia_angustissima,multiple,"food, medicine, forage"
Acacia,arenaria,Acacia_arenaria,not cultivated,
Acacia,auriculiformis,Acacia_auriculiformis,multiple,"ornamental, fuel"
Acacia,cangaiensis,Acacia_cangaiensis,not cultivated,
Acacia,caven,Acacia_caven,ornamental,
Acacia,cincinnata,Acacia_cincinnata,not cultivated,
Acacia,cochliacantha,Acacia_cochliacantha,not cultivated,
Acacia,conspersa,Acacia_conspersa,not cultivated,
Acacia,cyanophylla,Acacia_cyanophylla,agroforestry,
Acacia,cyclops,Acacia_cyclops,agroforestry,
Acacia,dealbata,Acacia_dealbata,ornamental,
Acacia,deanei,Acacia_deanei,anti-errosion ,
Acacia,decurrens,Acacia_decurrens,agroforestry,
Acacia,dimidiata,Acacia_dimidiata,not cultivated,
Acacia,ehrenbergiana,Acacia_ehrenbergiana,agroforestry,
Acacia,farnesiana,Acacia_farnesiana,multiple,"agroforestry, ornamental, medicine"
Acacia,fulva,Acacia_fulva,not cultivated,
Acacia,glaucocarpa,Acacia_glaucocarpa,ornamental,
Acacia,holosericea,Acacia_holosericea,agroforestry,
Acacia,horrida,Acacia_horrida,agroforestry,
Acacia,implexa,Acacia_implexa,anti-errosion ,
Acacia,irrorata,Acacia_irrorata,not cultivated,
Acacia,karroo,Acacia_karroo,multiple,"agroforestry, medicinal"
Acacia,laeta,Acacia_laeta,agroforestry,
Acacia,longifolia,Acacia_longifolia,multiple,"agroforestry, anti-erosion"
Acacia,macilenta,Acacia_macilenta,not cultivated,
Acacia,mangium,Acacia_mangium,multiple,
Acacia,mangium x auriculiformis,Acacia_mangium x auriculiformis,agroforestry,
Acacia,mearnsii,Acacia_mearnsii,agroforestry,
Acacia,melanoxylon,Acacia_melanoxylon,agroforestry,
Acacia,mimula,Acacia_mimula,not cultivated,
Acacia,mollissima,Acacia_mollissima,agroforestry,
Acacia,nilotica,Acacia_nilotica,agroforestry,
Acacia,nilotica adansonii,Acacia_nilotica adansonii,not cultivated,
Acacia,nilotica tomentosa,Acacia_nilotica tomentosa,agroforestry,
Acacia,obliquinervia,Acacia_obliquinervia,not cultivated,
Acacia,parramattensis,Acacia_parramattensis,not cultivated,
Acacia,parvipinnula,Acacia_parvipinnula,not cultivated,
Acacia,pennatula,Acacia_pennatula,not cultivated,
Acacia,pycnantha,Acacia_pycnantha,agroforestry,
Acacia,raddiana,Acacia_raddiana,,
Acacia,salicina,Acacia_salicina,,
Acacia,saligna,Acacia_saligna,,
Acacia,senegal,Acacia_senegal,,
Acacia,seyal,Acacia_seyal,,
Acacia,sp,Acacia_sp,,
Acacia,spp,Acacia_spp,,
Acacia,stenophylla,Acacia_stenophylla,,
Acacia,tortilis,Acacia_tortilis,,
Acacia,tortillis spp. heteracantha,Acacia_tortillis spp. heteracantha,,
Acaciella,angustissima,Acaciella_angustissima,,
Adenocarpus,foliolosus,Adenocarpus_foliolosus,,
Adenocarpus,hispanicus,Adenocarpus_hispanicus,,
Adesmia,bicolor,Adesmia_bicolor,,
Aeschynomene,afraspera,Aeschynomene_afraspera,,
Aeschynomene,americana,Aeschynomene_americana,,
Aeschynomene,elaphroxylon,Aeschynomene_elaphroxylon,,
Aeschynomene,indica,Aeschynomene_indica,,
Aeschynomene,nilotica,Aeschynomene_nilotica,,
Aeschynomene,rudis,Aeschynomene_rudis,,
Aeschynomene,schimperi,Aeschynomene_schimperi,,
Aeschynomene,sensitiva,Aeschynomene_sensitiva,,
Aeschynomene,sp.,Aeschynomene_sp.,,
Aeschynomene,tambacoudensis,Aeschynomene_tambacoudensis,,
Aeschynomene,uniflora,Aeschynomene_uniflora,,
Aeschynomene,uniflorum,Aeschynomene_uniflorum,,
Ageratina,adenophora,Ageratina_adenophora,,
Albizia,confuse,Albizia_confuse,,
Albizia,falcataria,Albizia_falcataria,,
Albizia,holosericea,Albizia_holosericea,,
Albizia,julibrissin,Albizia_julibrissin,,
Albizia,kalkora,Albizia_kalkora,,
Albizia,mangium,Albizia_mangium,,
Alhagi,murarum,Alhagi_murarum,,
Alhagi,sparsifolia,Alhagi_sparsifolia,,
Alhagi,tourm,Alhagi_tourm,,
Alysicapus,ovalifolius,Alysicapus_ovalifolius,,
Alysicarpus,glumaceus,Alysicarpus_glumaceus,,
Alysicarpus,rugosus,Alysicarpus_rugosus,,
Alysicarpus,vaginalis,Alysicarpus_vaginalis,,
Amorpha,fruticosa,Amorpha_fruticosa,,
Amphicarpaea,bracteata,Amphicarpaea_bracteata,,
Amphicarpaea,edgeworthii,Amphicarpaea_edgeworthii,,
Amphicarpaea,trisperma,Amphicarpaea_trisperma,,
Amphimas,pterocarpoides,Amphimas_pterocarpoides,,
Anadenanthera,colubrina,Anadenanthera_colubrina,,
Anadenanthera,peregrina,Anadenanthera_peregrina,,
Anagyris,latifolia,Anagyris_latifolia,,
Andira,inermis,Andira_inermis,,
Anthyllis,henoniana,Anthyllis_henoniana,,
Anthyllis,vulneraria,Anthyllis_vulneraria,,
Aotus,ericoides,Aotus_ericoides,,
Apios,americana,Apios_americana,,
Arachis,duranenis,Arachis_duranenis,,
Argyrolobium,uniflorum,Argyrolobium_uniflorum,,
Aspalathus,abietina,Aspalathus_abietina,,
Aspalathus,carnosa,Aspalathus_carnosa,,
Aspalathus,cephalotes,Aspalathus_cephalotes,,
Aspalathus,ciliaris,Aspalathus_ciliaris,,
Aspalathus,hispida,Aspalathus_hispida,,
Aspalathus,linearis,Aspalathus_linearis,,
Astragalus,adsurgens,Astragalus_adsurgens,,
Astragalus,aksuensis,Astragalus_aksuensis,,
Astragalus,algerianus,Astragalus_algerianus,,
Astragalus,alpinus,Astragalus_alpinus,,
Astragalus,americanus,Astragalus_americanus,,
Astragalus,armatus,Astragalus_armatus,,
Astragalus,betetovii,Astragalus_betetovii,,
Astragalus,canadensis,Astragalus_canadensis,,
Astragalus,capillipes,Astragalus_capillipes,,
Astragalus,chrysopterus,Astragalus_chrysopterus,,
Astragalus,chyrsopterus,Astragalus_chyrsopterus,,
Astragalus,cicer,Astragalus_cicer,,
Astragalus,complanatus,Astragalus_complanatus,,
Astragalus,complantus,Astragalus_complantus,,
Astragalus,cruciatus,Astragalus_cruciatus,,
Astragalus,dahuricus,Astragalus_dahuricus,,
Astragalus,danicus,Astragalus_danicus,,
Astragalus,discolor,Astragalus_discolor,,
Astragalus,efoliolatus,Astragalus_efoliolatus,,
Astragalus,ernestii,Astragalus_ernestii,,
Astragalus,eucosmus,Astragalus_eucosmus,,
Astragalus,filicaulis,Astragalus_filicaulis,,
Astragalus,globiformis,Astragalus_globiformis,,
Astragalus,glycyphyllos,Astragalus_glycyphyllos,,
Astragalus,gombiformis,Astragalus_gombiformis,,
Astragalus,gummifer,Astragalus_gummifer,,
Astragalus,henryi,Astragalus_henryi,,
Astragalus,hypoglottis,Astragalus_hypoglottis,,
Astragalus,kifonsanicus,Astragalus_kifonsanicus,,
Astragalus,laceratus,Astragalus_laceratus,,
Astragalus,lepsensis,Astragalus_lepsensis,,
Astragalus,luteolus,Astragalus_luteolus,,
Astragalus,melilotoides,Astragalus_melilotoides,,
Astragalus,membranaceus,Astragalus_membranaceus,,
Astragalus,mollissimus,Astragalus_mollissimus,,
Astragalus,mongholicus,Astragalus_mongholicus,,
Astragalus,onobrychis,Astragalus_onobrychis,,
Astragalus,oxyglottis,Astragalus_oxyglottis,,
Astragalus,pachycladus,Astragalus_pachycladus,,
Astragalus,scaberrimus,Astragalus_scaberrimus,,
Astragalus,scobwerrimus,Astragalus_scobwerrimus,,
Astragalus,sinicus,Astragalus_sinicus,,
Astragalus,sp,Astragalus_sp,,
Astragalus,tataricus,Astragalus_tataricus,,
Astragalus,tatsienensis,Astragalus_tatsienensis,,
Astragalus,tibetanus,Astragalus_tibetanus,,
Astragalus,yunnanensis,Astragalus_yunnanensis,,
Aubrevillea,platycarpa,Aubrevillea_platycarpa,,
Baptisia,tinctoria,Baptisia_tinctoria,,
Bossiaea,buxifolia,Bossiaea_buxifolia,,
Bossiaea,ensata,Bossiaea_ensata,,
Bossiaea,eriocarpa,Bossiaea_eriocarpa,,
Bossiaea,foliosa,Bossiaea_foliosa,,
Bryaspis,lupulina,Bryaspis_lupulina,,
Cajanus,acutifolius,Cajanus_acutifolius,,
Calicotome,villosa,Calicotome_villosa,,
Calliandra,depauperata,Calliandra_depauperata,,
Calliandra,grandiflora,Calliandra_grandiflora,,
Calliandra,locoensis,Calliandra_locoensis,,
Calliandra,surinamensis,Calliandra_surinamensis,,
Calopogonium,mucunoides,Calopogonium_mucunoides,,
Camptotheca,acuminata Decne,Camptotheca_acuminata Decne,,
Caragana,arborescens,Caragana_arborescens,,
Caragana,bicolor,Caragana_bicolor,,
Caragana,erinacea,Caragana_erinacea,,
Caragana,franchetiana,Caragana_franchetiana,,
Caragana,intermedia,Caragana_intermedia,,
Caragana,jubata,Caragana_jubata,,
Caragana,microphylla,Caragana_microphylla,,
Caragana,polourensis,Caragana_polourensis,,
Caragana,pruinosa,Caragana_pruinosa,,
Caragana,sinica,Caragana_sinica,,
Caragana,sp,Caragana_sp,,
Carmichaelia,australis,Carmichaelia_australis,,
Carmichaelia,corrugata,Carmichaelia_corrugata,,
Carmichaelia,monroi,Carmichaelia_monroi,,
Carmichaelia,nana,Carmichaelia_nana,,
Carmichaelia,ordorata,Carmichaelia_ordorata,,
Carmichaelia,petriei,Carmichaelia_petriei,,
Carmichaelia,puniceus,Carmichaelia_puniceus,,
Cassia,absus,Cassia_absus,,
Catenaria,caudata,Catenaria_caudata,,
Cathormion,umbellatum,Cathormion_umbellatum,,
Centrolobium,paraense,Centrolobium_paraense,,
Centrosema,macrocarpum,Centrosema_macrocarpum,,
Centrosema,molle,Centrosema_molle,,
Ceratonia,siliqua,Ceratonia_siliqua,,
Cercis,racemosa,Cercis_racemosa,,
Chamaecrista,fasciculata,Chamaecrista_fasciculata,,
Chamaecrista,mimosoides,Chamaecrista_mimosoides,,
Chamaecrista,sp,Chamaecrista_sp,,
Chamaecytisus,proliferus,Chamaecytisus_proliferus,,
Chidlowia,sanguinea,Chidlowia_sanguinea,,
Christia,obcordata,Christia_obcordata,,
Cicer,arietinum,Cicer_arietinum,,
Cicer,canariense,Cicer_canariense,,
Clianthus,puniceus,Clianthus_puniceus,,
Colutea,arborescens,Colutea_arborescens,,
Colytea,nepalensis,Colytea_nepalensis,,
Conzattia,multiflora,Conzattia_multiflora,,
Coronilla,scorpioides,Coronilla_scorpioides,,
Coronilla,varia,Coronilla_varia,,
Cratylia,mollis,Cratylia_mollis,,
Crotalaria,comosa,Crotalaria_comosa,,
Crotalaria,glaucoides,Crotalaria_glaucoides,,
Crotalaria,goreenis,Crotalaria_goreenis,,
Crotalaria,goreensis,Crotalaria_goreensis,,
Crotalaria,hyssopinfolia,Crotalaria_hyssopinfolia,,
Crotalaria,incana,Crotalaria_incana,,
Crotalaria,lathyroides,Crotalaria_lathyroides,,
Crotalaria,medicaginea,Crotalaria_medicaginea,,
Crotalaria,montana,Crotalaria_montana,,
Crotalaria,pallida,Crotalaria_pallida,,
Crotalaria,perrottetii,Crotalaria_perrottetii,,
Crotalaria,podocarpa,Crotalaria_podocarpa,,
Crotalaria,retusa,Crotalaria_retusa,,
Crotalaria,sp.,Crotalaria_sp.,,
Crotalaria,spinosa,Crotalaria_spinosa,,
Crotalaria,zanzibarica,Crotalaria_zanzibarica,,
Cyclopia,intermedia,Cyclopia_intermedia,,
Cyclopia,longifolia,Cyclopia_longifolia,,
Cyclopia,meyeriana,Cyclopia_meyeriana,,
Cytisus,balansae,Cytisus_balansae,,
Cytisus,grandiflora,Cytisus_grandiflora,,
Cytisus,laburnum,Cytisus_laburnum,,
Cytisus,multiflorus,Cytisus_multiflorus,,
Cytisus,purgans,Cytisus_purgans,,
Cytisus,scoparius,Cytisus_scoparius,,
Cytisus,sp,Cytisus_sp,,
Cytisus,striatus,Cytisus_striatus,,
Cytisus,villosus,Cytisus_villosus,,
Dalbergia,balansae,Dalbergia_balansae,,
Dalbergia,baronii,Dalbergia_baronii,,
Dalbergia,chapielieri,Dalbergia_chapielieri,,
Dalbergia,dyeriana,Dalbergia_dyeriana,,
Dalbergia,hancei,Dalbergia_hancei,,
Dalbergia,hupeana,Dalbergia_hupeana,,
Dalbergia,louvelii,Dalbergia_louvelii,,
Dalbergia,madagascariensis,Dalbergia_madagascariensis,,
Dalbergia,maritima,Dalbergia_maritima,,
Dalbergia,mimosoides,Dalbergia_mimosoides,,
Dalbergia,monticola,Dalbergia_monticola,,
Dalbergia,odorifera,Dalbergia_odorifera,,
Dalbergia,purpurascens,Dalbergia_purpurascens,,
Dalbergia,retusa,Dalbergia_retusa,,
Dalbergia,sp.,Dalbergia_sp.,,
Dalea,purpurea,Dalea_purpurea,,
Daviesia,buxifolia,Daviesia_buxifolia,,
Daviesia,latifolia,Daviesia_latifolia,,
Daviesia,leptophylla,Daviesia_leptophylla,,
Daviesia,mimosoides,Daviesia_mimosoides,,
Daviesia,ulicifolia,Daviesia_ulicifolia,,
Derris,elliptica,Derris_elliptica,,
Desmanthus,illinoensis,Desmanthus_illinoensis,,
Desmodium ,multiflorum,Desmodium _multiflorum,,
Desmodium,axillare,Desmodium_axillare,,
Desmodium,brownii,Desmodium_brownii,,
Desmodium,canadense,Desmodium_canadense,,
Desmodium,caudatum,Desmodium_caudatum,,
Desmodium,elegans,Desmodium_elegans,,
Desmodium,fallax,Desmodium_fallax,,
Desmodium,gangeticum,Desmodium_gangeticum,,
Desmodium,glutinosum,Desmodium_glutinosum,,
Desmodium,grahamii,Desmodium_grahamii,,
Desmodium,heterocarpon,Desmodium_heterocarpon,,
Desmodium,microphyllum,Desmodium_microphyllum,,
Desmodium,paniculatum,Desmodium_paniculatum,,
Desmodium,racemosum,Desmodium_racemosum,,
Desmodium,retinens,Desmodium_retinens,,
Desmodium,rotundifolium,Desmodium_rotundifolium,,
Desmodium,sequax,Desmodium_sequax,,
Desmodium,sp.,Desmodium_sp.,,
Desmodium,triflorum,Desmodium_triflorum,,
Dillwynia,brunioides,Dillwynia_brunioides,,
Dillwynia,glaberrima,Dillwynia_glaberrima,,
Dillwynia,ramosissima,Dillwynia_ramosissima,,
Dillwynia,retorta,Dillwynia_retorta,,
Dillwynia,sericea,Dillwynia_sericea,,
Dimorphandra,wilsonii,Dimorphandra_wilsonii,,
Dipogon,lignosus,Dipogon_lignosus,,
Dunbaria,singuliflora,Dunbaria_singuliflora,,
Ebensus,pinnata,Ebensus_pinnata,,
Enterolobium,contortisiliquum,Enterolobium_contortisiliquum,,
Eriosema,glomeratum,Eriosema_glomeratum,,
Erythrina,brucei,Erythrina_brucei,,
Erythrina,crista-galli,Erythrina_crista-galli,,
Faidherbia,albida,Faidherbia_albida,,
Flemingia,parviflora,Flemingia_parviflora,,
Funaria,hygrometrica,Funaria_hygrometrica,,
Galactia,megalophylla,Galactia_megalophylla,,
Galactia,tenuiflora,Galactia_tenuiflora,,
Galega,officinalis,Galega_officinalis,,
Galega,orientalis,Galega_orientalis,,
Gastrolobium,capitatum,Gastrolobium_capitatum,,
Genista,hystrix,Genista_hystrix,,
Genista,microcephala,Genista_microcephala,,
Genista,saharae,Genista_saharae,,
Genista,tinctoria,Genista_tinctoria,,
Genista,versicolor,Genista_versicolor,,
Gliricidia,sepium,Gliricidia_sepium,,
Glycine,max,Glycine_max,,
Glycine,soja,Glycine_soja,,
Glycyrrhiza,multiflora,Glycyrrhiza_multiflora,,
Glycyrrhiza,pallidiflora,Glycyrrhiza_pallidiflora,,
Glycyrrhiza,uralensis,Glycyrrhiza_uralensis,,
Gompholobium,huegelii,Gompholobium_huegelii,,
Gompholobium,polymorphum,Gompholobium_polymorphum,,
Goodia,lotifolia,Goodia_lotifolia,,
Gueldenstaedtia,himalaica,Gueldenstaedtia_himalaica,,
Gueldenstaedtia,multiflora,Gueldenstaedtia_multiflora,,
Halimodendron,halodendron,Halimodendron_halodendron,,
Halimondendron,holodendron,Halimondendron_holodendron,,
Hardenbergia,violacea,Hardenbergia_violacea,,
Hedysarum,carnosum,Hedysarum_carnosum,,
Hedysarum,confertum Desf.,Hedysarum_confertum Desf.,,
Hedysarum,coronarium,Hedysarum_coronarium,,
Hedysarum,coronarium L. Leguminosae,Hedysarum_coronarium L. Leguminosae,,
Hedysarum,crinita,Hedysarum_crinita,,
Hedysarum,mongholicus,Hedysarum_mongholicus,,
Hedysarum,polybotrys,Hedysarum_polybotrys,,
Hedysarum,scoparium,Hedysarum_scoparium,,
Hedysarum,spinosissimum,Hedysarum_spinosissimum,,
Hippocrepis,bicontorta,Hippocrepis_bicontorta,,
Hipporcrepis,bicontorta,Hipporcrepis_bicontorta,,
Hovea,linearis,Hovea_linearis,,
Hovea,purpurea,Hovea_purpurea,,
Hypocalyptus,coluteoides,Hypocalyptus_coluteoides,,
Hypocalyptus,oxalidifolius,Hypocalyptus_oxalidifolius,,
Hypocalyptus,sophoroides,Hypocalyptus_sophoroides,,
Indigofea,amorphoides,Indigofea_amorphoides,,
Indigofera,amblyantha,Indigofera_amblyantha,,
Indigofera,arrecta,Indigofera_arrecta,,
Indigofera,astragalina,Indigofera_astragalina,,
Indigofera,australis,Indigofera_australis,,
Indigofera,carlesii,Indigofera_carlesii,,
Indigofera,colutea,Indigofera_colutea,,
Indigofera,cytisoides,Indigofera_cytisoides,,
Indigofera,hirsuta,Indigofera_hirsuta,,
Indigofera,linifolia,Indigofera_linifolia,,
Indigofera,linnaei,Indigofera_linnaei,,
Indigofera,microcarpa,Indigofera_microcarpa,,
Indigofera,parviflora,Indigofera_parviflora,,
Indigofera,potaninii,Indigofera_potaninii,,
Indigofera,saxicola,Indigofera_saxicola,,
Indigofera,senegalenis,Indigofera_senegalenis,,
Indigofera,sp,Indigofera_sp,,
Indigofera,stenophylla,Indigofera_stenophylla,,
Indigofera,tinctoria,Indigofera_tinctoria,,
Indigofera,trita,Indigofera_trita,,
Indigofera,viscosa,Indigofera_viscosa,,
Inga,laurina,Inga_laurina,,
Inga,oerstediana,Inga_oerstediana,,
Inga,pavoniana,Inga_pavoniana,,
Inga,uraguensis,Inga_uraguensis,,
Inga,uruguensis,Inga_uruguensis,,
Jacksonia,dilatata,Jacksonia_dilatata,,
Jacksonia,sericea,Jacksonia_sericea,,
Kennedia,coccinea,Kennedia_coccinea,not cultivated,
Kummerowia,stipulacea,Kummerowia_stipulacea,multiple,
Kummerowia,striata,Kummerowia_striata,rangeland/pastureland,
Laburnum,anagyroides,Laburnum_anagyroides,ornamental,
Lathyrus,aphaca,Lathyrus_aphaca,not cultivated,
Lathyrus,humilis,Lathyrus_humilis,not cultivated,
Lathyrus,japonicus,Lathyrus_japonicus,not cultivated,
Lathyrus,latifolius,Lathyrus_latifolius,ornamental,
Lathyrus,nissolia,Lathyrus_nissolia,not cultivated,
Lathyrus,numidicus,Lathyrus_numidicus,not cultivated,
Lathyrus,odoratus,Lathyrus_odoratus,ornamental,
Lathyrus,pratensis,Lathyrus_pratensis,not cultivated,
Lathyrus,tuberosus,Lathyrus_tuberosus,row crop,
Lebeckia,ambigua,Lebeckia_ambigua,not cultivated,
Lespedeza,bicolor,Lespedeza_bicolor,multiple,
Lespedeza,bicolor for. alba,Lespedeza_bicolor for. alba,multiple,
Lespedeza,capitata,Lespedeza_capitata,rangeland/pastureland,
Lespedeza,cuneata,Lespedeza_cuneata,multiple,
Lespedeza,cyrtobotrya,Lespedeza_cyrtobotrya,not cultivated,
Lespedeza,daurica,Lespedeza_daurica,not cultivated,
Lespedeza,davidii,Lespedeza_davidii,not cultivated,
Lespedeza,davurica,Lespedeza_davurica,medicinal,
Lespedeza,floribunda,Lespedeza_floribunda,ornamental,
Lespedeza,formosa,Lespedeza_formosa,ornamental,
Lespedeza,hedysaroides,Lespedeza_hedysaroides,ornamental,
Lespedeza,hirta,Lespedeza_hirta,ornamental,
Lespedeza,inschanica,Lespedeza_inschanica,ornamental,
Lespedeza,intermedia,Lespedeza_intermedia,not cultivated,
Lespedeza,juncea,Lespedeza_juncea,ornamental,
Lespedeza,maximowiczii,Lespedeza_maximowiczii,ornamental,
Lespedeza,maximowiezzi var. tomentella,Lespedeza_maximowiezzi var. tomentella,ornamental,
Lespedeza,procumbens,Lespedeza_procumbens,not cultivated,
Lespedeza,sp,Lespedeza_sp,,
Lespedeza,sp,Lespedeza_sp.,,
Lespedeza,stipulacea,Lespedeza_stipulacea,multiple,
Lespedeza,striata,Lespedeza_striata,rangeland/pastureland,
Lespedeza,tomentosa,Lespedeza_tomentosa,not cultivated,
Lespedeza,virgata,Lespedeza_virgata,not cultivated,
Lessertia,annularis,Lessertia_annularis,not cultivated,
Lessertia,capitata,Lessertia_capitata,not cultivated,
Lessertia,diffusa,Lessertia_diffusa,not cultivated,
Lessertia,excisa,Lessertia_excisa,not cultivated,
Lessertia,frutescens,Lessertia_frutescens,not cultivated,
Lessertia,herbacea,Lessertia_herbacea,not cultivated,
Lessertia,incana,Lessertia_incana,not cultivated,
Lessertia,microphylla,Lessertia_microphylla,medicinal,
Lessertia,pauciflora,Lessertia_pauciflora,not cultivated,
Lessertia,sp,Lessertia_sp,,
Leucaena,leucocephala,Leucaena_leucocephala,agroforestry,
Lonchocarpus,atropurpureus,Lonchocarpus_atropurpureus,not cultivated,
Lonchocarpus,nitidus,Lonchocarpus_nitidus,not cultivated,
Lotononis,bainesii,Lotononis_bainesii,rangeland/pastureland,
Lotus,argenteus,Lotus_argenteus,not cultivated,
Lotus,arinagensis,Lotus_arinagensis,not cultivated,
Lotus,berthelotii,Lotus_berthelotii,ornamental,
Lotus,callis-viridis,Lotus_callis-viridis,not cultivated,
Lotus,campylocladus,Lotus_campylocladus,not cultivated,
Lotus,corniculatus,Lotus_corniculatus,rangeland/pastureland,
Lotus,creticus,Lotus_creticus,anti-errosion ,
Lotus,cruentus,Lotus_cruentus,not cultivated,
Lotus,frondosus,Lotus_frondosus,not cultivated,
Lotus,halophilus,Lotus_halophilus,not cultivated,
Lotus,kunkelii,Lotus_kunkelii,not cultivated,
Lotus,lancerottensis,Lotus_lancerottensis,not cultivated,
Lotus,maculatus,Lotus_maculatus,ornamental,
Lotus,oroboides,Lotus_oroboides,not cultivated,
Lotus,pedunculatus,Lotus_pedunculatus,not cultivated,
Lotus,pyranthus,Lotus_pyranthus,ornamental,
Lotus,roudairei,Lotus_roudairei,not cultivated,
Lotus,sessilifolius,Lotus_sessilifolius,not cultivated,
Lotus,spp,Lotus_spp,,
Lotus,subbiflorus,Lotus_subbiflorus,not cultivated,
Lotus,tenuis,Lotus_tenuis,not cultivated,
Lotus,uliginosus,Lotus_uliginosus,not cultivated,
Lupinus,albescens,Lupinus_albescens,rangeland/pastureland,
Lupinus,albus,Lupinus_albus,row crop,
Lupinus,angustifolius,Lupinus_angustifolius,rangeland/pastureland,
Lupinus,bandelierae,Lupinus_bandelierae,not cultivated,
Lupinus,bracteolaris,Lupinus_bracteolaris,not cultivated,
Lupinus,breviscapus,Lupinus_breviscapus,not cultivated,
Lupinus,campestris,Lupinus_campestris,not cultivated,
Lupinus,cosentinii,Lupinus_cosentinii,rangeland/pastureland,
Lupinus,hispanicus,Lupinus_hispanicus,not cultivated,
Lupinus,honoratus,Lupinus_honoratus,not cultivated,
Lupinus,luteus,Lupinus_luteus,row crop,
Lupinus,mariae-josephae,Lupinus_mariae-josephae,not cultivated,
Lupinus,micranthus,Lupinus_micranthus,not cultivated,
Lupinus,misticola,Lupinus_misticola,not cultivated,
Lupinus,mutabilis,Lupinus_mutabilis,row crop,
Lupinus,nootkatensis,Lupinus_nootkatensis,anti-errosion ,
Lupinus,paraguariensis,Lupinus_paraguariensis,not cultivated,
Lupinus,paranensis,Lupinus_paranensis,not cultivated,
Lupinus,perennis,Lupinus_perennis,not cultivated,
Lupinus,polyphyllus,Lupinus_polyphyllus,ornamental,
Lupinus,pycnostachys,Lupinus_pycnostachys,not cultivated,
Lupinus,rubriflorus,Lupinus_rubriflorus,not cultivated,
Lupinus,sp,Lupinus_sp,,
Lupinus,sp.,Lupinus_sp.,,
Lupinus,texensis,Lupinus_texensis,not cultivated,
Lupinus,tominensis,Lupinus_tominensis,not cultivated,
Lupinus,uleanus,Lupinus_uleanus,not cultivated,
Maackia,amurensis,Maackia_amurensis,not cultivated,
Machaerium,lunatum,Machaerium_lunatum,medicinal,
Machaerium,milleflorum,Machaerium_milleflorum,not cultivated,
Machaerium,milliflorum,Machaerium_milliflorum,not cultivated,
Macroptilium,atropurpureum,Macroptilium_atropurpureum,multiple,
Macroptilium,gibbosifolium,Macroptilium_gibbosifolium,not cultivated,
Macrotyloma,uniflorum,Macrotyloma_uniflorum,row crop,
Medicago,arabica,Medicago_arabica,not cultivated,
Medicago,arborea,Medicago_arborea,ornamental,
Medicago,archiducis-nicolai,Medicago_archiducis-nicolai,not cultivated,
Medicago,ciliaris,Medicago_ciliaris,not cultivated,
Medicago,falcata,Medicago_falcata,rangeland/pastureland,
Medicago,laciniata,Medicago_laciniata,not cultivated,
Medicago,lupulina,Medicago_lupulina,rangeland/pastureland,
Medicago,marina,Medicago_marina,not cultivated,
Medicago,minima,Medicago_minima,not cultivated,
Medicago,platycarpes,Medicago_platycarpes,,
Medicago,polymorpha,Medicago_polymorpha,,
Medicago,sativa,Medicago_sativa,,
Medicago,scutellata,Medicago_scutellata,,
Medicago,sp,Medicago_sp,,
Medicago,sphaerocarpa,Medicago_sphaerocarpa,,
Medicago,truncatula,Medicago_truncatula,,
Melilotus,albus,Melilotus_albus,,
Melilotus,dentatus,Melilotus_dentatus,,
Melilotus,indicus,Melilotus_indicus,,
Melilotus,officinalis,Melilotus_officinalis,,
Melilotus,parviflorus,Melilotus_parviflorus,,
Microlobius,foetidus,Microlobius_foetidus,,
Millettia,leucantha,Millettia_leucantha,,
Mimosa,acutisipula,Mimosa_acutisipula,,
Mimosa,affinis,Mimosa_affinis,,
Mimosa,asperata,Mimosa_asperata,,
Mimosa,bimucronata,Mimosa_bimucronata,,
Mimosa,caesalpiniaefolia,Mimosa_caesalpiniaefolia,,
Mimosa,candollei,Mimosa_candollei,,
Mimosa,casta,Mimosa_casta,,
Mimosa,ceratonia,Mimosa_ceratonia,,
Mimosa,cordistipula,Mimosa_cordistipula,,
Mimosa,diplotricha,Mimosa_diplotricha,,
Mimosa,flocculosa,Mimosa_flocculosa,,
Mimosa,hamata,Mimosa_hamata,,
Mimosa,himalayana,Mimosa_himalayana,,
Mimosa,invisa,Mimosa_invisa,,
Mimosa,misera,Mimosa_misera,,
Mimosa,paraibana,Mimosa_paraibana,,
Mimosa,pigra,Mimosa_pigra,,
Mimosa,pudica,Mimosa_pudica,,
Mimosa,scabrella,Mimosa_scabrella,,
Mimosa,spp,Mimosa_spp,,
Mimosa,tenuiflora,Mimosa_tenuiflora,,
Mirbelia,oxylobioides,Mirbelia_oxylobioides,,
Mirbelia,rubiifolia,Mirbelia_rubiifolia,,
Moghania,faginea,Moghania_faginea,,
Montigena,novae-zelandiae,Montigena_novae-zelandiae,,
Mucuna,aterrima,Mucuna_aterrima,,
Neptunia,gracilis,Neptunia_gracilis,,
Neptunia,natans,Neptunia_natans,,
Neptunia,oleracea,Neptunia_oleracea,,
Neptunia,plena,Neptunia_plena,,
Onobrychis,arenaria,Onobrychis_arenaria,,
Onobrychis,transcaucasica,Onobrychis_transcaucasica,,
Onobrychis,viciifolia,Onobrychis_viciifolia,,
Ononis,natrix,Ononis_natrix,,
Ononis,repens,Ononis_repens,,
Ononis,spinosa,Ononis_spinosa,,
Ononis,tridentata,Ononis_tridentata,,
Ononis,vaginalis,Ononis_vaginalis,,
Ornithopus,compressus,Ornithopus_compressus,,
Ornithopus,comressus,Ornithopus_comressus,,
Ornithopus,perpusillus,Ornithopus_perpusillus,,
Ornithopus,sativus,Ornithopus_sativus,,
Ornithopus,sp.,Ornithopus_sp.,,
Orobus,luteus,Orobus_luteus,,
Oxylobium,ellipticum,Oxylobium_ellipticum,,
Oxytropis,arctica,Oxytropis_arctica,,
Oxytropis,arctobia,Oxytropis_arctobia,,
Oxytropis,bicolor,Oxytropis_bicolor,,
Oxytropis,cachemiriana,Oxytropis_cachemiriana,,
Oxytropis,deflexa,Oxytropis_deflexa,,
Oxytropis,glabra,Oxytropis_glabra,,
Oxytropis,kansuensis,Oxytropis_kansuensis,,
Oxytropis,maydelliana,Oxytropis_maydelliana,,
Oxytropis,meinshausenii,Oxytropis_meinshausenii,,
Oxytropis,monticola,Oxytropis_monticola,,
Oxytropis,myriophylla,Oxytropis_myriophylla,,
Oxytropis,ochrocephala,Oxytropis_ochrocephala,,
Oxytropis,ochrocephala Bunge,Oxytropis_ochrocephala Bunge,,
Oxytropis,psammocharis,Oxytropis_psammocharis,,
Oxytropis,riparia,Oxytropis_riparia,,
Oxytropis,sp,Oxytropis_sp,,
Oxytropis,splendens,Oxytropis_splendens,,
Oxytropis,subpodoloba,Oxytropis_subpodoloba,,
Parapiptadenia,pterosperma,Parapiptadenia_pterosperma,,
Parapiptadenia,rigida,Parapiptadenia_rigida,,
Parapiptedenia,rigida,Parapiptedenia_rigida,,
Peltophorum,dubium,Peltophorum_dubium,,
Phaseolus,parvulus,Phaseolus_parvulus,,
Phaseolus,pauciflorus,Phaseolus_pauciflorus,,
Phaseolus,pedicellatus,Phaseolus_pedicellatus,,
Phaseolus,vulgaris,Phaseolus_vulgaris,,
Phyllota,phylicoides,Phyllota_phylicoides,not cultivated,
Piptadenia,adiantoides,Piptadenia_adiantoides,not cultivated,
Piptadenia,flava,Piptadenia_flava,not cultivated,
Piptadenia,gonoacantha,Piptadenia_gonoacantha,agroforestry,
Piptadenia,paniculata,Piptadenia_paniculata,not cultivated,
Piptadenia,trisperma,Piptadenia_trisperma,not cultivated,
Piptadenia,viridiflora,Piptadenia_viridiflora,agroforestry,
Pithecllobium,hymenaeafolium,Pithecllobium_hymenaeafolium,not cultivated,
Platylobium,formosum,Platylobium_formosum,not cultivated,
Platymiscium,pinnatum,Platymiscium_pinnatum,multiple,
Podalyria,calyptrata,Podalyria_calyptrata,not cultivated,
Podolobium,alpestre,Podolobium_alpestre,not cultivated,
Podolobium,ilicifolium,Podolobium_ilicifolium,not cultivated,
Poitea,punicea,Poitea_punicea,not cultivated,
Prosopis,alba,Prosopis_alba,agroforestry,multiple
Prosopis,chilensis,Prosopis_chilensis,multiple,
Prosopis,farcta,Prosopis_farcta,medicinal,
Prosopis,juliflora,Prosopis_juliflora,multiple,
Prosopis,nigra,Prosopis_nigra,agroforestry,multiple
Pseudopiptadenia,contorta,Pseudopiptadenia_contorta,not cultivated,
Psoralea,aculeata,Psoralea_aculeata,not cultivated,
Psoralea,aphylla,Psoralea_aphylla,not cultivated,
Psoralea,asarina,Psoralea_asarina,not cultivated,
Psoralea,laxa,Psoralea_laxa,not cultivated,
Psoralea,monophylla,Psoralea_monophylla,not cultivated,
Psoralea,pinnata,Psoralea_pinnata,not cultivated,
Psoralea,repens,Psoralea_repens,not cultivated,
Psoralea,restioides,Psoralea_restioides,not cultivated,
Pterocarpus,erinaceus,Pterocarpus_erinaceus,multiple,
Pterocarpus,indicus,Pterocarpus_indicus,agroforestry,multiple
Pterocarpus,lucens,Pterocarpus_lucens,multiple,
Pterocarpus,officinalis,Pterocarpus_officinalis,multiple,
Pueraria,mirifica,Pueraria_mirifica,medicinal,
Pueraria,thunbergiana,Pueraria_thunbergiana,not cultivated,
Pultenaea,capitellata,Pultenaea_capitellata,not cultivated,
Pultenaea,daphnoides,Pultenaea_daphnoides,ornamental,
Pultenaea,procumbens,Pultenaea_procumbens,not cultivated,
Pultenaea,scabra,Pultenaea_scabra,not cultivated,
Rauwolfia,spp,Rauwolfia_spp,,
Retama,raetam,Retama_raetam,not cultivated,
Retama,sphaerocarpa,Retama_sphaerocarpa,multiple,
Rhynchosia,ferulifolia,Rhynchosia_ferulifolia,not cultivated,
Rhynchosia,minima,Rhynchosia_minima,rangeland/pastureland,
Rhynchosia,pyramidalis,Rhynchosia_pyramidalis,not cultivated,
Robinia,pseudoacacia,Robinia_pseudoacacia,multiple,
Robinia,pseudoacacia,Robinia_pseudoacacia L.,multiple,
Sarothamnus,scoparius,Sarothamnus_scoparius,ornamental,synonym of Cytisus scoparius
Securigera,varia,Securigera_varia,anti-errosion ,synonym for coronilla varia
Senna,obtusifolia,Senna_obtusifolia,medicinal,
Sesbania,aegyptiaca,Sesbania_aegyptiaca,rangeland/pastureland,seems to be a synonym with Sesbania sesban
Sesbania,cannabina,Sesbania_cannabina,not cultivated,
Sesbania,herbacea,Sesbania_herbacea,not cultivated,
Sesbania,punicea,Sesbania_punicea,ornamental,
Sesbania,rostrata,Sesbania_rostrata,multiple,
Sesbania,senegal,Sesbania_senegal,not cultivated,
Sesbania,sericea,Sesbania_sericea,not cultivated,
Sesbania,sesban,Sesbania_sesban,rangeland/pastureland,
Sesbania,sp,Sesbania_sp,,
Sesbania,virgata,Sesbania_virgata,not cultivated,
Sophora,alopecuriodes,Sophora_alopecuriodes,medicinal,
Sophora,alopecuroides,Sophora_alopecuroides,medicinal,
Sophora,chathamica,Sophora_chathamica,not cultivated,
Sophora,microphylla,Sophora_microphylla,not cultivated,
Sophora,tetraptera,Sophora_tetraptera,not cultivated,
Sophora,tomentosa,Sophora_tomentosa,ornamental,
Sophora,viciifolia,Sophora_viciifolia,ornamental,
Spartium,junceum,Spartium_junceum,ornamental,
Spartocytisus,supranubius,Spartocytisus_supranubius,not cultivated,
Sphaerophysa,salsula,Sphaerophysa_salsula,not cultivated,
Spirotropis,longifolia,Spirotropis_longifolia,not cultivated,
Stylosanthes, viscosa,Stylosanthes_ viscosa,not cultivated,
Swainsona,formosa,Swainsona_formosa,not cultivated,
Swainsona,leeana,Swainsona_leeana,not cultivated,
Swainsona,pterostylis,Swainsona_pterostylis,not cultivated,
Swainsona,salsula,Swainsona_salsula,not cultivated,
Tachigali,versicolor,Tachigali_versicolor,agroforestry,
Teline ,canariensis,Teline _canariensis,not cultivated,
Teline ,stenopetala,Teline _stenopetala,not cultivated,
Tephrosia,bracteolata,Tephrosia_bracteolata,not cultivated,
Tephrosia,garderi,Tephrosia_garderi,not cultivated,
Tephrosia,leptoclada,Tephrosia_leptoclada,not cultivated,
Tephrosia,purpea,Tephrosia_purpea,row crop,
Tephrosia,remotiflora,Tephrosia_remotiflora,not cultivated,
Tephrosia,sp,Tephrosia_sp,,
Tephrosia,villosa,Tephrosia_villosa,not cultivated,
Tetrapleura,tetraptera,Tetrapleura_tetraptera,agroforestry,
Thermopsis,lanceolata,Thermopsis_lanceolata,not cultivated,
Thermopsis,lupinoides,Thermopsis_lupinoides,ornamental,
Trifolium,arvense,Trifolium_arvense,rangeland/pastureland,
Trifolium,campestre,Trifolium_campestre,rangeland/pastureland,
Trifolium,dubium,Trifolium_dubium,not cultivated,
Trifolium,fragiferum,Trifolium_fragiferum,row crop,
Trifolium,hybridum,Trifolium_hybridum,multiple,
Trifolium,pratense,Trifolium_pratense,multiple,
Trifolium,repens,Trifolium_repens,rangeland/pastureland,
Trifolium,resupinatum,Trifolium_resupinatum,rangeland/pastureland,
Trifolium,subterraneum,Trifolium_subterraneum,rangeland/pastureland,
Trigonella,foenum-graecum,Trigonella_foenum-graecum,row crop,
Trigonella,maritima,Trigonella_maritima,not cultivated,
Trigonella,monspelliaca,Trigonella_monspelliaca,not cultivated,
Trigonella,suavissima,Trigonella_suavissima,row crop,
Ulex,europaeus,Ulex_europaeus,multiple,
Uraria,lagopoides,Uraria_lagopoides,not cultivated,
Vicia,amoena,Vicia_amoena,not cultivated,
Vicia,angustifolia,Vicia_angustifolia,rangeland/pastureland,
Vicia,bungei,Vicia_bungei,not cultivated,
Vicia,cracca,Vicia_cracca,rangeland/pastureland,
Vicia,faba,Vicia_faba,row crop,
Vicia,hirsuta,Vicia_hirsuta,row crop,
Vicia,lathyroides,Vicia_lathyroides,not cultivated,
Vicia,sativa,Vicia_sativa,rangeland/pastureland,
Vicia,sepium,Vicia_sepium,rangeland/pastureland,
Vicia,spp,Vicia_spp,,
Vicia,tetrasperma,Vicia_tetrasperma,not cultivated,
Vicia,tibetica,Vicia_tibetica,not cultivated,
Vicia,villosa,Vicia_villosa,multiple,
Vigna,lanceolata,Vigna_lanceolata,row crop,
Vigna,radiata,Vigna_radiata,row crop,
Vigna,trilobata,Vigna_trilobata,rangeland/pastureland,
Vigna,unguiculata,Vigna_unguiculata,row crop,
Virgilia,oroboides,Virgilia_oroboides,ornamental,
Wallaceodendron,celebicum,Wallaceodendron_celebicum,multiple,
Wisteria,floribunda,Wisteria_floribunda,ornamental,
Wisteria,sinensis,Wisteria_sinensis,ornamental,
Xylia,xylocarpa,Xylia_xylocarpa,not cultivated,
Zornia,glochidiata,Zornia_glochidiata,rangeland/pastureland,
Zygophyllum,dumosum,Zygophyllum_dumosum,not cultivated,
Acacia,cochiacantha,Acacia_cochiacantha,,
Acacia,mangium x auriculiformis,Acacia_mangium_x_auriculiformis,,
Acacia,nilotica adansonii,Acacia_nilotica_adansonii,,
Acacia,nilotica tomentosa,Acacia_nilotica_tomentosa,,
Acacia,tortillis spp. Heteracantha,Acacia_tortillis_spp._heteracantha,,
Alhagi,maurorum,Alhagi_maurorum,,
Alhagi,toum,Alhagi_toum,,
Alysicarpus,ovalifolius,Alysicarpus_ovalifolius,,
Arachis,duranensis,Arachis_duranensis,,
Astragalus,glombiformis,Astragalus_glombiformis,,
Astragalus,melitoides,Astragalus_melitoides,,
Astragalus,membraneceus,Astragalus_membraneceus,,
Astragalus,poycladus,Astragalus_poycladus,,
Astragalus,spp,Astragalus_spp,,
Calycotome,villosa,Calycotome_villosa,,
Camptotheca,acuminata Decne,Camptotheca_acuminata_Decne,,
Caragana,sp.,Caragana_sp.,,
Carmichaelia,odorata,Carmichaelia_odorata,,
Carmichaelinae,australis,Carmichaelinae_australis,,
Carmichaelinae,monroi,Carmichaelinae_monroi,,
Carmichaelinae,nana,Carmichaelinae_nana,,
Carmichaelinae,puniceus,Carmichaelinae_puniceus,,
Catenaria,caudatum,Catenaria_caudatum,,
cicer,arietinum,cicer_arietinum,,
Colutea,nepalensis,Colutea_nepalensis,,
Crotalaria,hyssopifolia,Crotalaria_hyssopifolia,,
Crotalaria,perrotteti,Crotalaria_perrotteti,,
Cytisus,laburnuum,Cytisus_laburnuum,,
Gueldenstaedtia,verna,Gueldenstaedtia_verna,,
Halimodendron,holodendron,Halimodendron_holodendron,,
Hedysarum,confertum,Hedysarum_confertum,,
Hedysarum,coronarium L. Leguminosae,Hedysarum_coronarium_L._Leguminosae,,
Hedysarum,mogholicus,Hedysarum_mogholicus,,
Indigofera,amorphoides,Indigofera_amorphoides,,
Indigofera,senegalensis,Indigofera_senegalensis,,
Isotropis,atropurpurea,Isotropis_atropurpurea,,
Lathyrus,pratense,Lathyrus_pratense,,
Lespedeza,bicolar for. Alba,Lespedeza_bicolar_for._alba,,
Lespedeza,maximowiezzi,Lespedeza_maximowiezzi,,
Lespedeza,maximowiezzi var. tomentella,Lespedeza_maximowiezzi_var._tomentella,,
Lespedeza,sp.,Lespedeza_sp.,,
Lotus,australis,Lotus_australis,,
Lotus,cornuculatus,Lotus_cornuculatus,,
Lotus,sessilifoius,Lotus_sessilifoius,,
Lupinus,brevicapus,Lupinus_brevicapus,,
Lupinus,mariae-josephi,Lupinus_mariae-josephi,,
Melilotus,alba,Melilotus_alba,,
Melilotus,alles,Melilotus_alles,,
Mimosa,acutistipula,Mimosa_acutistipula,,
Muelleranthus,trifoliolatus,Muelleranthus_trifoliolatus,,
Onobrychis,spp,Onobrychis_spp,,
Onobrychis,transcaucasia,Onobrychis_transcaucasia,,
Oxytropis,ochrocephala Bunge,Oxytropis_ochrocephala_Bunge,,
Oxytropis,spp,Oxytropis_spp,,
phaseolus,vulgaris,phaseolus_vulgaris,,
Pithecellobium,hymenaeafolium,Pithecellobium_hymenaeafolium,,
Platylobium,formosun,Platylobium_formosun,,
Pultenaea,daphniodes,Pultenaea_daphniodes,,
Robinia,speudoacacia L.,Robinia_speudoacacia_L.,,
Sesbania,sp.,Sesbania_sp.,,
Stylosanthes,viscosab,Stylosanthes_viscosab,,
Swainsona,calcicola,Swainsona_calcicola,,
Swainsona,sp,Swainsona_sp,,
Swainsonia,salsula,Swainsonia_salsula,,
Tephrosia,purpurea,Tephrosia_purpurea,,
Tephrosia,sp.,Tephrosia_sp.,,
Tephrosia,virginiana,Tephrosia_virginiana,,
Trigonella,monspeliaca,Trigonella_monspeliaca,,
Ulex,europeaus,Ulex_europeaus,,
Uraria,lagopodoides,Uraria_lagopodoides,,
Vigna,mungo,Vigna_mungo,,
